KOD;BARKOD;ADI;FIYAT;DOVIZ;MIKTAR;RESIM;GRUP
TA-2001;8690000200014;Hýzlý Þarj Adaptörü 20W USB-C;137,84;TL;28;https://cdn.marmaraelektronik.example/urun/ta-2001.jpg;Telefon Aksesuar
TA-2002;8690000200021;USB-C Örgülü Kablo 1 m;60,15;TL;41;https://cdn.marmaraelektronik.example/urun/ta-2002.jpg;Telefon Aksesuar
TA-2003;8690000200038;Powerbank 10.000 mAh PD;405,82;TL;54;https://cdn.marmaraelektronik.example/urun/ta-2003.jpg;Telefon Aksesuar
TA-2004;8690000200045;Kablosuz Kulak Ýçi Kulaklýk ANC;696,49;TL;7;https://cdn.marmaraelektronik.example/urun/ta-2004.jpg;Telefon Aksesuar
TA-2005;8690000200052;Araç Ýçi Manyetik Telefon Tutucu;113,33;TL;20;https://cdn.marmaraelektronik.example/urun/ta-2005.jpg;Telefon Aksesuar
TA-2006;8690000200069;Kablosuz Þarj Pedi 15W;230,30;TL;33;https://cdn.marmaraelektronik.example/urun/ta-2006.jpg;Telefon Aksesuar
TA-2007;8690000200076;Temperli Ekran Koruyucu 2'li;37,98;TL;46;https://cdn.marmaraelektronik.example/urun/ta-2007.jpg;Telefon Aksesuar
TA-2008;8690000200083;Bluetooth Hoparlör 10W Suya Dayanýklý;494,31;TL;59;https://cdn.marmaraelektronik.example/urun/ta-2008.jpg;Telefon Aksesuar
TA-2009;8690000200090;Akýllý Saat Silikon Kordon;53,36;TL;12;https://cdn.marmaraelektronik.example/urun/ta-2009.jpg;Telefon Aksesuar
TA-2010;8690000200106;Çift Portlu Araç Þarjý 38W;166,29;TL;25;https://cdn.marmaraelektronik.example/urun/ta-2010.jpg;Telefon Aksesuar
BL-3001;8690000300011;Kablosuz Sessiz Mouse;3,47;EUR;38;https://cdn.marmaraelektronik.example/urun/bl-3001.jpg;Bilgisayar
BL-3002;8690000300028;Mekanik Klavye TR Q RGB;17,50;EUR;51;https://cdn.marmaraelektronik.example/urun/bl-3002.jpg;Bilgisayar
BL-3003;8690000300035;USB 3.2 Flash Bellek 64 GB;2,28;EUR;4;https://cdn.marmaraelektronik.example/urun/bl-3003.jpg;Bilgisayar
BL-3004;8690000300042;NVMe SSD 512 GB;23,98;EUR;17;https://cdn.marmaraelektronik.example/urun/bl-3004.jpg;Bilgisayar
BL-3005;8690000300059;Webcam 1080p Mikrofonlu;11,31;EUR;30;https://cdn.marmaraelektronik.example/urun/bl-3005.jpg;Bilgisayar
BL-3006;8690000300066;Alüminyum Laptop Standý;5,95;EUR;43;https://cdn.marmaraelektronik.example/urun/bl-3006.jpg;Bilgisayar
BL-3007;8690000300073;Mousepad XL 90x40;2,58;EUR;56;https://cdn.marmaraelektronik.example/urun/bl-3007.jpg;Bilgisayar
BL-3009;8690000300097;Harici Disk Kutusu 2.5 inç;3,75;EUR;22;https://cdn.marmaraelektronik.example/urun/bl-3009.jpg;Bilgisayar
BL-3010;8690000300103;Oyuncu Kulaklýðý 7.1;15,85;EUR;35;https://cdn.marmaraelektronik.example/urun/bl-3010.jpg;Bilgisayar
